[{"@type":"mtTask","id":"@1","name":"DOC_UPAT_INVOICE_FINFACT_DELTA_MCT","description":"","runtimeEnvironmentId":"@5mvDAbndHSci0JfQDmpQG0","maxLogs":10,"verbose":false,"lastRunTime":1551793466000,"mappingId":"@4uUSyMUz4IzcbAytFjDK8m","shortDescription":"","sessionPropertiesList":[],"enableCrossSchemaPushdown":false,"enableParallelRun":false,"autoTunedApplied":false,"autoTunedAppliedType":"NONE","parameterFileName":"Metadate_ETLAudit_SQL.txt","paramFileType":"PARAM_FILE_LOCAL","parameterFileEncoding":"UTF-8","serverlessProperties":{},"parameters":[{"@type":"mtTaskParameter","id":1631543,"name":"$Src_Sql_ODS_SALES$","type":"EXTENDED_SOURCE","label":"Src_Sql_ODS_SALES","uiProperties":{"connectionParameterized":"false","isMsrcFilterParameterized":"false","isMsrcSortParameterized":"false","objectParameterized":"false","visible":"false"},"sourceConnectionId":"@2imocjuThjmjt30DeqxU4u","newFlatFile":false,"newObject":false,"showBusinessNames":false,"naturalOrder":true,"truncateTarget":false,"bulkApiDBTarget":false,"customFuncCfg":{"@type":"customFuncConfig","id":-1,"connections":[],"inputMap":[],"outputFields":[]},"tgtFieldRefs":{},"targetUpdateColumns":[],"extendedObject":{"@type":"extendedObject","object":{"@type":"mObject","name":"finfact_upat_vw","label":"finfact_upat_vw","metadataUpdated":false,"relations":[],"children":[]},"advancedFilterExpression":"$$ODSSales_Invoice_Finfact_LastModifiedDate<  finfact_upat_vw.modified_ts","filters":[],"sortFields":[]},"runtimeAttrs":{},"isRESTModernSource":true,"isFileList":false,"handleSpecialChars":false,"frsAsset":false,"dynamicFileName":false,"currentlyProcessedFileName":false,"tgtObjectAttributes":{},"runtimeParameterData":{"@type":"mtTaskRuntimeParameterData","isConnectionRuntimeParameter":false,"isObjectRuntimeParameter":false},"overriddenFields":[]},{"@type":"mtTaskParameter","id":1631544,"name":"$Sql_EDW_RDS_STG_Dataocean$","type":"TARGET","label":"Sql_EDW_RDS_STG_Dataocean","uiProperties":{"connectionParameterized":"false","objectParameterized":"false","visible":"false","defaultTargetUpdateColumns":""},"targetConnectionId":"@dClA8SJHRqWdxQppcr0OCK","targetObject":"ODSSales_Invoice_Finfact","targetObjectLabel":"ODSSales_Invoice_Finfact","newFlatFile":false,"newObject":false,"showBusinessNames":false,"naturalOrder":true,"truncateTarget":true,"bulkApiDBTarget":true,"operationType":"Insert","customFuncCfg":{"@type":"customFuncConfig","id":-1,"connections":[],"inputMap":[],"outputFields":[]},"tgtFieldRefs":{},"targetUpdateColumns":[],"extendedObject":{"@type":"extendedObject","filters":[],"sortFields":[]},"runtimeAttrs":{},"isRESTModernSource":true,"isFileList":false,"handleSpecialChars":false,"frsAsset":false,"dynamicFileName":false,"currentlyProcessedFileName":false,"tgtObjectAttributes":{},"runtimeParameterData":{"@type":"mtTaskRuntimeParameterData","isConnectionRuntimeParameter":false,"isObjectRuntimeParameter":false},"overriddenFields":[]}],"sequences":[],"inOutParameters":[],"connRuntimeAttrs":[]}]