[{"@type":"mappingTemplate","id":"@1","name":"EDW_UPAT_Cust_Billto_Dim_Delta","description":"","bundleVersion":"0","templateId":"@3","deployTime":1551791037000,"hasParameters":false,"valid":true,"fixedConnection":true,"hasParametersDeployed":false,"fixedConnectionDeployed":true,"tasks":2,"mappingPreviewFileRecordId":"@2","references":[{"@type":"reference","refObjectId":"@jSLTUAVqmAZf9Zu7uuD4S3","refType":"connection"},{"@type":"reference","refObjectId":"@4ix1Ip9538ld923r4zC1MO","refType":"connection"}]}]