[{"@type":"mtTask","id":"@1","name":"EDW_UPAT_Cust_Billto_Dim_Delta_MCT","description":"","runtimeEnvironmentId":"@0nmKhdBhZ47cwDdA7WWu8o","maxLogs":10,"verbose":false,"mappingId":"@21yP5GhAFcMlkozaTAFrQC","shortDescription":"","sessionPropertiesList":[],"enableCrossSchemaPushdown":false,"enableParallelRun":false,"autoTunedApplied":false,"autoTunedAppliedType":"NONE","parameterFileName":"Metadata_ETLAudit.txt","serverlessProperties":{},"parameters":[{"@type":"mtTaskParameter","id":208425,"name":"$EDW_CustBillto_Dim$","type":"EXTENDED_SOURCE","label":"EDW_CustBillto_Dim","uiProperties":{"connectionParameterized":"false","isMsrcFilterParameterized":"false","isMsrcSortParameterized":"false","objectParameterized":"false","visible":"false"},"sourceConnectionId":"@jSLTUAVqmAZf9Zu7uuD4S3","newFlatFile":false,"newObject":false,"showBusinessNames":false,"naturalOrder":true,"truncateTarget":false,"bulkApiDBTarget":false,"customFuncCfg":{"@type":"customFuncConfig","id":-1,"connections":[],"inputMap":[],"outputFields":[]},"tgtFieldRefs":{},"targetUpdateColumns":[],"extendedObject":{"@type":"extendedObject","object":{"@type":"mObject","name":"cust_billto_dim","label":"cust_billto_dim","metadataUpdated":false,"relations":[],"children":[]},"advancedFilterExpression":"$$cust_billto_dim_LastModifiedDate<cust_billto_dim.modified_ts","filters":[],"sortFields":[]},"runtimeAttrs":{},"isRESTModernSource":true,"isFileList":false,"handleSpecialChars":false,"frsAsset":false,"dynamicFileName":false,"currentlyProcessedFileName":false,"fetchMode":"ORIGINAL","tgtObjectAttributes":{},"runtimeParameterData":{"@type":"mtTaskRuntimeParameterData","isConnectionRuntimeParameter":false,"isObjectRuntimeParameter":false},"overriddenFields":[]},{"@type":"mtTaskParameter","id":208426,"name":"$SQL_CustBillto$","type":"TARGET","label":"SQL_CustBillto","uiProperties":{"connectionParameterized":"false","objectParameterized":"false","visible":"false","defaultTargetUpdateColumns":""},"targetConnectionId":"@4ix1Ip9538ld923r4zC1MO","targetObject":"cust_billto_dim","targetObjectLabel":"cust_billto_dim","newFlatFile":false,"newObject":false,"showBusinessNames":false,"naturalOrder":true,"truncateTarget":true,"bulkApiDBTarget":false,"operationType":"Insert","customFuncCfg":{"@type":"customFuncConfig","id":-1,"connections":[],"inputMap":[],"outputFields":[]},"tgtFieldRefs":{},"targetUpdateColumns":[],"extendedObject":{"@type":"extendedObject","filters":[],"sortFields":[]},"runtimeAttrs":{},"isRESTModernSource":true,"isFileList":false,"handleSpecialChars":false,"frsAsset":false,"dynamicFileName":false,"currentlyProcessedFileName":false,"fetchMode":"ORIGINAL","tgtObjectAttributes":{},"runtimeParameterData":{"@type":"mtTaskRuntimeParameterData","isConnectionRuntimeParameter":false,"isObjectRuntimeParameter":false},"overriddenFields":[]}],"sequences":[],"inOutParameters":[],"connRuntimeAttrs":[]}]