[{"@type":"mtTask","id":"@1","name":"EDW_UPAT_Costbook_Adjustments_Delta_MCT","description":"","runtimeEnvironmentId":"@0nmKhdBhZ47cwDdA7WWu8o","maxLogs":10,"verbose":false,"mappingId":"@gwo71PwMg0Rc6BvK9dVp0q","shortDescription":"","sessionPropertiesList":[],"enableCrossSchemaPushdown":false,"enableParallelRun":false,"autoTunedApplied":false,"autoTunedAppliedType":"NONE","parameterFileName":"Metadata_ETLAudit.txt","serverlessProperties":{},"parameters":[{"@type":"mtTaskParameter","id":190615,"name":"$EDW_Costbook$","type":"EXTENDED_SOURCE","label":"EDW_Costbook","uiProperties":{"connectionParameterized":"false","isMsrcFilterParameterized":"false","isMsrcSortParameterized":"false","objectParameterized":"false","visible":"false"},"sourceConnectionId":"@jSLTUAVqmAZf9Zu7uuD4S3","newFlatFile":false,"newObject":false,"showBusinessNames":false,"naturalOrder":true,"truncateTarget":false,"bulkApiDBTarget":false,"customFuncCfg":{"@type":"customFuncConfig","id":-1,"connections":[],"inputMap":[],"outputFields":[]},"tgtFieldRefs":{},"targetUpdateColumns":[],"extendedObject":{"@type":"extendedObject","object":{"@type":"mObject","name":"costbook_adjustments_vw","label":"costbook_adjustments_vw","metadataUpdated":false,"relations":[],"children":[]},"advancedFilterExpression":"$$costbook_adjustments_LastModifiedDate<costbook_adjustments_vw.modified_ts","filters":[],"sortFields":[]},"runtimeAttrs":{},"isRESTModernSource":true,"isFileList":false,"handleSpecialChars":false,"frsAsset":false,"dynamicFileName":false,"currentlyProcessedFileName":false,"fetchMode":"ORIGINAL","tgtObjectAttributes":{},"runtimeParameterData":{"@type":"mtTaskRuntimeParameterData","isConnectionRuntimeParameter":false,"isObjectRuntimeParameter":false},"overriddenFields":[]},{"@type":"mtTaskParameter","id":190616,"name":"$Sql_Costbook_Adjustments$","type":"TARGET","label":"Sql_Costbook_Adjustments","uiProperties":{"connectionParameterized":"false","objectParameterized":"false","visible":"false","defaultTargetUpdateColumns":""},"targetConnectionId":"@4ix1Ip9538ld923r4zC1MO","targetObject":"costbook_adjustments","targetObjectLabel":"costbook_adjustments","newFlatFile":false,"newObject":false,"showBusinessNames":false,"naturalOrder":true,"truncateTarget":true,"bulkApiDBTarget":false,"operationType":"Insert","customFuncCfg":{"@type":"customFuncConfig","id":-1,"connections":[],"inputMap":[],"outputFields":[]},"tgtFieldRefs":{},"targetUpdateColumns":[],"extendedObject":{"@type":"extendedObject","filters":[],"sortFields":[]},"runtimeAttrs":{},"isRESTModernSource":true,"isFileList":false,"handleSpecialChars":false,"frsAsset":false,"dynamicFileName":false,"currentlyProcessedFileName":false,"fetchMode":"ORIGINAL","tgtObjectAttributes":{},"runtimeParameterData":{"@type":"mtTaskRuntimeParameterData","isConnectionRuntimeParameter":false,"isObjectRuntimeParameter":false},"overriddenFields":[]}],"sequences":[],"inOutParameters":[],"connRuntimeAttrs":[]}]