[{"@type":"drsTask","id":"@1","name":"DSS_DOC_CASES_DATAOCEAN","maxLogs":10,"sourceConnectionId":"@39NACQxLvDQbQ5b1rxx0Yf","targetConnectionId":"@39NACQxLvDQbQ5b1rxx0Yf","tablePrefix":"SF_","verbose":false,"fullRefresh":true,"replicateAllObjects":false,"removeDeleted":true,"queryAll":false,"srcShowLabels":false,"maxRows":0,"stopOnError":true,"replicationObjects":["CASESTATUS"],"excludedReplicationObjects":[],"majorUpdateTime":1586142387000,"metadataMode":0,"bulkApi":false,"base64BodySize":0.0,"bulkApiDBTarget":false,"fieldExclusions":[],"filters":[],"advancedFilters":[],"srcRuntimeAttrs":{"@type":"taskRuntimeAttrs","attrs":{}}}]