[{"@type":"mappingTemplate","id":"@1","name":"DOC_UPAT_INVOICE_FINFACT_DELTA","description":"","bundleVersion":"0","templateId":"@3","deployTime":1551791973000,"hasParameters":false,"valid":true,"fixedConnection":true,"hasParametersDeployed":false,"fixedConnectionDeployed":true,"tasks":1,"mappingPreviewFileRecordId":"@2","references":[{"@type":"reference","refObjectId":"@2imocjuThjmjt30DeqxU4u","refType":"connection"},{"@type":"reference","refObjectId":"@dClA8SJHRqWdxQppcr0OCK","refType":"connection"}]}]